{"cameraMode":{"drawMode":0,"name":"Shaded","section":"Shading Mode"},"sceneLighting":true,"audioPlay":false,"sceneViewState":{"showFog":false,"showMaterialUpdate":false,"showSkybox":false,"showFlares":false,"showImageEffects":false,"showParticleSystems":false},"in2DMode":false,"pivot":{"x":-122.62511444091797,"y":2.4374399185180666,"z":27.191720962524415},"rotation":{"x":0.0006230968283489347,"y":0.940564751625061,"z":-0.3396095335483551,"w":0.0017252498073503376},"size":45.06745147705078,"orthographic":false}