{"cameraMode":{"drawMode":0,"name":"Shaded","section":"Shading Mode"},"sceneLighting":false,"audioPlay":false,"sceneViewState":{"showFog":false,"showMaterialUpdate":false,"showSkybox":false,"showFlares":false,"showImageEffects":false,"showParticleSystems":false},"in2DMode":false,"pivot":{"x":-95.22119140625,"y":0.044060707092285159,"z":85.36407470703125},"rotation":{"x":0.02248361147940159,"y":0.9757367968559265,"z":-0.18090008199214936,"w":0.12127401679754257},"size":15.567499160766602,"orthographic":false}