{"cameraMode":{"drawMode":0,"name":"Shaded","section":"Shading Mode"},"sceneLighting":true,"audioPlay":false,"sceneViewState":{"showFog":false,"showMaterialUpdate":false,"showSkybox":false,"showFlares":false,"showImageEffects":false,"showParticleSystems":false},"in2DMode":false,"pivot":{"x":29.081172943115236,"y":-0.1652970314025879,"z":-193.67591857910157},"rotation":{"x":0.36944299936294558,"y":0.07788240164518357,"z":-0.03109058551490307,"w":0.9254618883132935},"size":6.3841962814331059,"orthographic":false}