{"cameraMode":{"drawMode":0,"name":"Shaded","section":"Shading Mode"},"sceneLighting":false,"audioPlay":false,"sceneViewState":{"showFog":false,"showMaterialUpdate":false,"showSkybox":false,"showFlares":false,"showImageEffects":false,"showParticleSystems":false},"in2DMode":false,"pivot":{"x":6.005593776702881,"y":-0.44154787063598635,"z":-0.10455083847045899},"rotation":{"x":-0.11071226745843888,"y":0.47338518500328066,"z":-0.060116201639175418,"w":-0.8718001246452332},"size":8.00901985168457,"orthographic":false}