{"cameraMode":{"drawMode":0,"name":"Shaded","section":"Shading Mode"},"sceneLighting":true,"audioPlay":false,"sceneViewState":{"showFog":true,"showMaterialUpdate":false,"showSkybox":true,"showFlares":true,"showImageEffects":true,"showParticleSystems":true},"in2DMode":false,"pivot":{"x":-288.53369140625,"y":-304.8214416503906,"z":-23.588733673095704},"rotation":{"x":-0.2615317702293396,"y":0.7005370259284973,"z":-0.31284099817276,"w":-0.5856444835662842},"size":649.3003540039063,"orthographic":false}