{"cameraMode":{"drawMode":0,"name":"Shaded","section":"Shading Mode"},"sceneLighting":false,"audioPlay":false,"sceneViewState":{"showFog":false,"showMaterialUpdate":false,"showSkybox":false,"showFlares":false,"showImageEffects":false,"showParticleSystems":false},"in2DMode":false,"pivot":{"x":7.015019416809082,"y":-0.9326438903808594,"z":224.1182403564453},"rotation":{"x":-0.02015194110572338,"y":0.9262664914131165,"z":-0.3729879558086395,"w":-0.050043825060129169},"size":25.72095489501953,"orthographic":false}