{"cameraMode":{"drawMode":0,"name":"Shaded","section":"Shading Mode"},"sceneLighting":false,"audioPlay":false,"sceneViewState":{"showFog":false,"showMaterialUpdate":false,"showSkybox":false,"showFlares":false,"showImageEffects":false,"showParticleSystems":false},"in2DMode":false,"pivot":{"x":0.30000007152557375,"y":3.2699999809265138,"z":0.529999852180481},"rotation":{"x":0.0639851987361908,"y":-0.9359914064407349,"z":0.24130341410636903,"w":0.24819090962409974},"size":8.837347984313965,"orthographic":false}