{"cameraMode":{"drawMode":0,"name":"Shaded","section":"Shading Mode"},"sceneLighting":false,"audioPlay":false,"sceneViewState":{"showFog":false,"showMaterialUpdate":false,"showSkybox":false,"showFlares":false,"showImageEffects":false,"showParticleSystems":false},"in2DMode":false,"pivot":{"x":281.864013671875,"y":193.47552490234376,"z":0.0},"rotation":{"x":-0.1170344352722168,"y":-0.013087894767522812,"z":0.0015428102342411876,"w":-0.9930404424667358},"size":18.61896324157715,"orthographic":false}