{"cameraMode":{"drawMode":0,"name":"Shaded","section":"Shading Mode"},"sceneLighting":true,"audioPlay":false,"sceneViewState":{"showFog":false,"showMaterialUpdate":false,"showSkybox":false,"showFlares":false,"showImageEffects":false,"showParticleSystems":false},"in2DMode":false,"pivot":{"x":171.527099609375,"y":130.88427734375,"z":-6.030792236328125},"rotation":{"x":0.026996800675988199,"y":0.005090388935059309,"z":-0.0001374330895487219,"w":0.9996225833892822},"size":190.16000366210938,"orthographic":false}