{"cameraMode":{"drawMode":0,"name":"Shaded","section":"Shading Mode"},"sceneLighting":true,"audioPlay":false,"sceneViewState":{"showFog":false,"showMaterialUpdate":false,"showSkybox":false,"showFlares":false,"showImageEffects":false,"showParticleSystems":false},"in2DMode":false,"pivot":{"x":-78.50437927246094,"y":-3.777777671813965,"z":206.09213256835938},"rotation":{"x":-0.21605812013149262,"y":0.5548516511917114,"z":-0.15195785462856294,"w":-0.7889026403427124},"size":23.865934371948243,"orthographic":false}