{"cameraMode":{"drawMode":0,"name":"Shaded","section":"Shading Mode"},"sceneLighting":true,"audioPlay":false,"sceneViewState":{"showFog":false,"showMaterialUpdate":false,"showSkybox":false,"showFlares":false,"showImageEffects":false,"showParticleSystems":false},"in2DMode":false,"pivot":{"x":30.427196502685548,"y":8.465364456176758,"z":-166.87039184570313},"rotation":{"x":-0.19673959910869599,"y":-0.7986259460449219,"z":0.3512156903743744,"w":-0.44736745953559878},"size":34.73308181762695,"orthographic":false}