{"cameraMode":{"drawMode":0,"name":"Shaded","section":"Shading Mode"},"sceneLighting":false,"audioPlay":false,"sceneViewState":{"showFog":false,"showMaterialUpdate":false,"showSkybox":false,"showFlares":false,"showImageEffects":false,"showParticleSystems":false},"in2DMode":false,"pivot":{"x":7.445981979370117,"y":11.002571105957032,"z":5.994049072265625},"rotation":{"x":-0.2082803100347519,"y":0.06688985228538513,"z":-0.014278988353908062,"w":-0.9756747484207153},"size":251.8545379638672,"orthographic":false}