{"cameraMode":{"drawMode":0,"name":"Shaded","section":"Shading Mode"},"sceneLighting":true,"audioPlay":false,"sceneViewState":{"showFog":false,"showMaterialUpdate":false,"showSkybox":false,"showFlares":false,"showImageEffects":false,"showParticleSystems":false},"in2DMode":false,"pivot":{"x":-4.648058891296387,"y":2.5248947143554689,"z":48.169761657714847},"rotation":{"x":0.24307309091091157,"y":-0.2428000271320343,"z":0.0629848912358284,"w":0.9370146989822388},"size":10.805957794189454,"orthographic":false}