{"cameraMode":{"drawMode":0,"name":"Shaded","section":"Shading Mode"},"sceneLighting":true,"audioPlay":false,"sceneViewState":{"showFog":false,"showMaterialUpdate":false,"showSkybox":false,"showFlares":false,"showImageEffects":false,"showParticleSystems":false},"in2DMode":false,"pivot":{"x":49.18373107910156,"y":2.139753818511963,"z":39.3552131652832},"rotation":{"x":-0.04425359144806862,"y":0.21356798708438874,"z":-0.009684578515589238,"w":-0.9758773446083069},"size":7.878147602081299,"orthographic":false}