{"cameraMode":{"drawMode":0,"name":"Shaded","section":"Shading Mode"},"sceneLighting":false,"audioPlay":false,"sceneViewState":{"showFog":false,"showMaterialUpdate":false,"showSkybox":false,"showFlares":false,"showImageEffects":false,"showParticleSystems":false},"in2DMode":false,"pivot":{"x":-70.54568481445313,"y":7.898464679718018,"z":199.78431701660157},"rotation":{"x":-0.008097770623862744,"y":-0.9891331195831299,"z":0.05973445251584053,"w":-0.13409678637981416},"size":14.0302734375,"orthographic":false}