{"cameraMode":{"drawMode":0,"name":"Shaded","section":"Shading Mode"},"sceneLighting":false,"audioPlay":false,"sceneViewState":{"showFog":false,"showMaterialUpdate":false,"showSkybox":false,"showFlares":false,"showImageEffects":false,"showParticleSystems":false},"in2DMode":false,"pivot":{"x":-0.6287099123001099,"y":-0.040985941886901858,"z":0.13301202654838563},"rotation":{"x":-0.17364944517612458,"y":0.6010667681694031,"z":-0.13587252795696259,"w":-0.7681818008422852},"size":2.8578836917877199,"orthographic":false}