{"cameraMode":{"drawMode":0,"name":"Shaded","section":"Shading Mode"},"sceneLighting":false,"audioPlay":false,"sceneViewState":{"showFog":false,"showMaterialUpdate":false,"showSkybox":false,"showFlares":false,"showImageEffects":false,"showParticleSystems":false},"in2DMode":false,"pivot":{"x":8.717854499816895,"y":3.9483842849731447,"z":194.5106964111328},"rotation":{"x":-0.1930767148733139,"y":0.32086122035980227,"z":-0.0669868066906929,"w":-0.924814760684967},"size":4.765300750732422,"orthographic":false}