{"cameraMode":{"drawMode":0,"name":"Shaded","section":"Shading Mode"},"sceneLighting":false,"audioPlay":false,"sceneViewState":{"showFog":false,"showMaterialUpdate":false,"showSkybox":false,"showFlares":false,"showImageEffects":false,"showParticleSystems":false},"in2DMode":false,"pivot":{"x":-0.8546698093414307,"y":2.4388022422790529,"z":5.130372047424316},"rotation":{"x":-0.2111760824918747,"y":0.6304405331611633,"z":-0.18389369547367097,"w":-0.7239699959754944},"size":14.421440124511719,"orthographic":false}