{"cameraMode":{"drawMode":0,"name":"Shaded","section":"Shading Mode"},"sceneLighting":true,"audioPlay":false,"sceneViewState":{"showFog":false,"showMaterialUpdate":false,"showSkybox":false,"showFlares":false,"showImageEffects":false,"showParticleSystems":false},"in2DMode":false,"pivot":{"x":1839.2969970703125,"y":1068.1610107421875,"z":182.15625},"rotation":{"x":0.02699691243469715,"y":-0.002702874829992652,"z":0.00007297872070921585,"w":0.9996318817138672},"size":2728.719482421875,"orthographic":false}