{"cameraMode":{"drawMode":0,"name":"Shaded","section":"Shading Mode"},"sceneLighting":false,"audioPlay":false,"sceneViewState":{"showFog":false,"showMaterialUpdate":false,"showSkybox":false,"showFlares":false,"showImageEffects":false,"showParticleSystems":false},"in2DMode":false,"pivot":{"x":28.404369354248048,"y":4.803218841552734,"z":-155.4126434326172},"rotation":{"x":0.03253898397088051,"y":-0.9671720266342163,"z":0.18983812630176545,"w":0.16577394306659699},"size":6.528362274169922,"orthographic":false}