{"cameraMode":{"drawMode":0,"name":"Shaded","section":"Shading Mode"},"sceneLighting":true,"audioPlay":false,"sceneViewState":{"showFog":false,"showMaterialUpdate":false,"showSkybox":false,"showFlares":false,"showImageEffects":false,"showParticleSystems":false},"in2DMode":false,"pivot":{"x":1840.6495361328125,"y":1170.3907470703125,"z":123.281005859375},"rotation":{"x":0.043486338108778,"y":0.003293012036010623,"z":-0.00014335510786622763,"w":0.99904865026474},"size":2434.1064453125,"orthographic":false}