{"cameraMode":{"drawMode":0,"name":"Shaded","section":"Shading Mode"},"sceneLighting":true,"audioPlay":false,"sceneViewState":{"showFog":false,"showMaterialUpdate":false,"showSkybox":false,"showFlares":false,"showImageEffects":false,"showParticleSystems":false},"in2DMode":false,"pivot":{"x":107.30088806152344,"y":283.7443542480469,"z":-146.638427734375},"rotation":{"x":-0.22735995054244996,"y":-0.06037955731153488,"z":0.014125917106866837,"w":-0.9718344807624817},"size":31.941246032714845,"orthographic":false}