{"cameraMode":{"drawMode":0,"name":"Shaded","section":"Shading Mode"},"sceneLighting":false,"audioPlay":false,"sceneViewState":{"showFog":false,"showMaterialUpdate":false,"showSkybox":false,"showFlares":false,"showImageEffects":false,"showParticleSystems":false},"in2DMode":false,"pivot":{"x":1921.0867919921875,"y":974.4049072265625,"z":-34.429786682128909},"rotation":{"x":0.02699691243469715,"y":-0.002702874829992652,"z":0.00007297872070921585,"w":0.9996318817138672},"size":1411.348388671875,"orthographic":false}